<?xml version="1.0" encoding="UTF-8"?>

<mule xmlns:ee="http://www.mulesoft.org/schema/mule/ee/core"
	xmlns="http://www.mulesoft.org/schema/mule/core" xmlns:doc="http://www.mulesoft.org/schema/mule/documentation"
	xmlns:xsi="http://www.w3.org/2001/XMLSchema-instance"
	xsi:schemaLocation="
http://www.mulesoft.org/schema/mule/ee/core http://www.mulesoft.org/schema/mule/ee/core/current/mule-ee.xsd http://www.mulesoft.org/schema/mule/core http://www.mulesoft.org/schema/mule/core/current/mule.xsd">
	 <flow name="get:\accounts\(accountId):accounts-sfdc-sapi-config">
        <ee:transform doc:name="setAccountId">
            <ee:variables>
                <ee:set-variable variableName="accountId"><![CDATA[attributes.uriParams.'accountId']]></ee:set-variable>
				<ee:set-variable variableName="target" ><![CDATA[Mule::p('application.target')]]></ee:set-variable>
				<ee:set-variable variableName="processId" ><![CDATA[%dw 2.0
output application/java
---
"accountId: " ++ attributes.uriParams.'accountId'
]]></ee:set-variable>
            
</ee:variables>
        </ee:transform>
		<ee:transform doc:name="setLoggingDetails" doc:id="2719cb25-b25d-4ff6-9be2-1533bd388796" >
			<ee:message >
			</ee:message>
			<ee:variables >
				<ee:set-variable resource="dwl/set-getAccount-loggingDetails.dwl" variableName="loggingDetails" />
			
</ee:variables>
		</ee:transform>
		<logger level="INFO" doc:name="log-START" doc:id="66763641-aac0-4d9a-9f39-1e5783206540" message='Request received to get the account details from #[vars.target] for  #[vars.processId] #[ vars.loggingDetails]'/>
		<flow-ref doc:name="invoke-get-accounts-sfdc-subflow" doc:id="3048bfcd-53fa-490a-af64-36097cfa115b" name="invoke-get-accounts-sfdc-subflow"/>
		<ee:transform doc:name="setFinalPaylaod&amp;httpStatus">
            <ee:message>
				<ee:set-payload resource="dwl/set-getAccountDetails.dwl" />
            
</ee:message>
			<ee:variables >
				<ee:set-variable variableName="httpStatus" ><![CDATA[200]]></ee:set-variable>
			</ee:variables>
        
</ee:transform>
		<logger level="INFO" doc:name="log-END" doc:id="b860ea8a-2a46-4202-8419-bfeeb3c10e2a" message='Request successfully processed by #[vars.target] for  #[vars.processId]  #[ vars.loggingDetails]'/>
    
</flow>
	<flow name="post:\accounts:application\json:accounts-sfdc-sapi-config">
        <ee:transform doc:name="setPayload,ProcessId&amp;target" doc:id="a83b8ff4-a4dd-4edc-88f6-fc4d2e27ed90">
			<ee:message>
				<ee:set-payload resource="dwl/set-targetFormat.dwl" />
			</ee:message>
			<ee:variables>
				<ee:set-variable variableName="processId"><![CDATA[%dw 2.0
output application/java
---
"name: " ++ payload.name]]></ee:set-variable>
				<ee:set-variable variableName="target" ><![CDATA[Mule::p('application.target')]]></ee:set-variable>
			</ee:variables>
		</ee:transform>
		<logger level="INFO" doc:name="log-START" doc:id="51bae754-9238-4168-8b05-14fdb915727c" message='Request received to post the account details to #[vars.target] for  #[vars.processId] #[ vars.loggingDetails]' />
		<ee:transform doc:name="setloggingDetails" doc:id="ebfa3926-d61e-4a6d-bb10-110d1549baa2" >
			<ee:message >
			</ee:message>
			<ee:variables >
				<ee:set-variable resource="dwl/set-postAccount-loggingDetails.dwl" variableName="loggingDetails" />
				
			
</ee:variables>
		</ee:transform>
		<set-payload value='#[%dw 2.0&#10;output application/java &#10;---&#10;payload]' doc:name="setCreateAccountPayload" doc:id="3b5d3511-6bcc-4efa-80ed-4a9572b9c9c1" />
		<flow-ref doc:name="invoke-create-accounts-sfdc-subflow" doc:id="d14b4aa3-2157-4325-9c68-addc5a507a31" name="invoke-create-accounts-sfdc-subflow"/>
		<ee:transform doc:name="setFinalPaylaod&amp;httpStatus">
            <ee:message>
				<ee:set-payload resource="dwl/set-finalPayload.dwl" />
            
</ee:message>
			<ee:variables >
				<ee:set-variable variableName="httpStatus" ><![CDATA[201]]></ee:set-variable>
			</ee:variables>
        
</ee:transform>
		<logger level="INFO" doc:name="log-END" doc:id="5d6a2250-f4d8-4cec-bfe5-250a17d1f08b" message="#[payload]"/>
    
</flow>


</mule>
