<?xml version="1.0" encoding="UTF-8"?>
<mule xmlns="http://www.mulesoft.org/schema/mule/core" xmlns:api-gateway="http://www.mulesoft.org/schema/mule/api-gateway" xmlns:apikit="http://www.mulesoft.org/schema/mule/mule-apikit" xmlns:doc="http://www.mulesoft.org/schema/mule/documentation" xmlns:http="http://www.mulesoft.org/schema/mule/http" xmlns:salesforce="http://www.mulesoft.org/schema/mule/salesforce" xmlns:secure-properties="http://www.mulesoft.org/schema/mule/secure-properties" xmlns:tls="http://www.mulesoft.org/schema/mule/tls" xmlns:xsi="http://www.w3.org/2001/XMLSchema-instance" xsi:schemaLocation=" http://www.mulesoft.org/schema/mule/mule-apikit http://www.mulesoft.org/schema/mule/mule-apikit/current/mule-apikit.xsd  http://www.mulesoft.org/schema/mule/http http://www.mulesoft.org/schema/mule/http/current/mule-http.xsd http://www.mulesoft.org/schema/mule/core http://www.mulesoft.org/schema/mule/core/current/mule.xsd http://www.mulesoft.org/schema/mule/api-gateway http://www.mulesoft.org/schema/mule/api-gateway/current/mule-api-gateway.xsd http://www.mulesoft.org/schema/mule/secure-properties http://www.mulesoft.org/schema/mule/secure-properties/current/mule-secure-properties.xsd http://www.mulesoft.org/schema/mule/tls http://www.mulesoft.org/schema/mule/tls/current/mule-tls.xsd http://www.mulesoft.org/schema/mule/salesforce http://www.mulesoft.org/schema/mule/salesforce/current/mule-salesforce.xsd">
    <http:listener-config name="HTTP_Listener_config" doc:name="HTTP Listener config" doc:id="b6eecf0a-2ea1-45a7-bf06-f5719c0d9d2a">
        <http:listener-connection protocol="HTTPS" host="${https.host}" port="${https.port}" tlsContext="TLS_Context" readTimeout="${https.listener.connection.readTimeout}" connectionIdleTimeout="${https.listener.connection.timeout}" />
    </http:listener-config>
    <apikit:config name="accounts-sfdc-sapi-config" api="accounts-sfdc-sapi.raml" outboundHeadersMapName="outboundHeadersMapName" httpStatusVarName="httpStatus" />
    <configuration doc:name="Configuration" doc:id="1bfcbf8d-7c13-4ef1-ae47-294c6d226ac1" defaultErrorHandler-ref="accounts-sfdc-sapi-errorError_Handler" doc:description="Default error handler&#xA;" />
    <configuration-properties doc:name="Configuration properties" doc:id="f85044b7-e6ee-40b1-bac9-63ed4f82921c" file="properties\app_${env}.yaml" doc:description="Deployment specific properties&#xA;" />
    <configuration-properties doc:name="Configuration properties" doc:id="568d6a1d-f7a7-4d28-a243-ad41a77f96da" doc:description="Common properties&#xA;" file="properties\app_common.yaml" />
    <configuration-properties doc:name="Configuration properties" doc:id="32fa3bcc-7875-43d4-ba10-fd060101c30e" file="properties\error.yaml" doc:description="Error Codes" />
    <api-gateway:autodiscovery apiId="${autodiscovery.id}" ignoreBasePath="true" doc:name="API Autodiscovery" doc:id="3496af5e-cebb-463d-b4be-04739c7a995d" flowRef="accounts-sfdc-sapi-mainFlow" />
 
    <secure-properties:config name="Secure_Properties_Config" doc:name="Secure Properties Config" doc:id="764f652f-0c2c-4e27-b9e2-61192061b389" file="properties\secure\app_secure_${env}.yaml" key="${secure.key}" doc:description="Secure Property Config" />
    <tls:context name="TLS_Context" doc:name="TLS Context" doc:id="d4db0086-5386-4120-8180-8268ea50347c">
        <tls:key-store type="jks" path="${keystore.path}" alias="${keystore.alias}" keyPassword="${secure::keystore.password}" password="${secure::keystore.password}" />
    </tls:context>
    <salesforce:sfdc-config name="Salesforce_Config" doc:name="Salesforce Config" doc:id="6786a6ef-b6b9-48bb-a1da-e08ea03520cf">
        <salesforce:basic-connection username="${sales.username}" password="${secure::sales.password}" securityToken="${secure::sales.securityToken}" url="${sales.oauthUrl} " connectionTimeout="30" />
    </salesforce:sfdc-config>
</mule>
