<?xml version="1.0" encoding="UTF-8"?>

<mule xmlns:salesforce="http://www.mulesoft.org/schema/mule/salesforce"
	xmlns:ee="http://www.mulesoft.org/schema/mule/ee/core" xmlns:http="http://www.mulesoft.org/schema/mule/http"
	xmlns="http://www.mulesoft.org/schema/mule/core"
	xmlns:doc="http://www.mulesoft.org/schema/mule/documentation" xmlns:xsi="http://www.w3.org/2001/XMLSchema-instance" xsi:schemaLocation="
http://www.mulesoft.org/schema/mule/ee/core http://www.mulesoft.org/schema/mule/ee/core/current/mule-ee.xsd http://www.mulesoft.org/schema/mule/core http://www.mulesoft.org/schema/mule/core/current/mule.xsd
http://www.mulesoft.org/schema/mule/http http://www.mulesoft.org/schema/mule/http/current/mule-http.xsd
http://www.mulesoft.org/schema/mule/salesforce http://www.mulesoft.org/schema/mule/salesforce/current/mule-salesforce.xsd">
	<sub-flow name="invoke-get-accounts-sfdc-subflow" doc:id="3cef8cd1-6b4b-4000-add8-1880fa83d710" >
		<logger level="INFO" doc:name="log-INFO" doc:id="fd46d942-3bc2-48bc-893c-5b2905f71160" message='#["This flow invokes " ++ (vars.target default "") ++ " to get the account details for  " ++ (vars.processId  default "")]'/>
		<logger level="INFO" doc:name="log-DEBUG" doc:id="619e091c-a09f-4747-8510-5248f66e43e6" message='#["Before invoking " ++ vars.target]'/>
		<salesforce:query doc:name="getAccount" doc:id="c603a0f8-743c-44c9-b601-223c85bcc419" config-ref="Salesforce_Config">
			<salesforce:salesforce-query ><![CDATA[${sales.getAccount}]]></salesforce:salesforce-query>
			<salesforce:parameters ><![CDATA[#[output application/java
---
{
	accountId : vars.accountId
}]]]></salesforce:parameters>
		</salesforce:query>
		<logger level="DEBUG" doc:name="log-DEBUG" doc:id="9ece1c0e-6176-4cdb-b14c-6fba658d3deb" message="After invoking #[vars.target] ,  payload:  #[payload]"/>
		<logger level="INFO" doc:name="log-INFO" doc:id="0616843f-91dd-4681-b632-28d5b5740e7d" message='#["Request processed succesfully by "++ vars.target]'/>
	</sub-flow>
	<sub-flow name="invoke-create-accounts-sfdc-subflow" doc:id="fbb43370-33b9-4abd-8c63-a8293fb5d691">
	<logger level="INFO" doc:name="log-INFO" doc:id="f4aa3ce6-72b3-4146-b536-67c0e3692252" message='#["This flow invokes " ++ (vars.target  default "") ++ " to get the account details for " ++ (vars.processId default "")]'/>
		<logger level="INFO" doc:name="log-DEBUG" doc:id="8d1c3c5c-65cc-4b8b-99e8-3b745662b947" message='#["Before invoking " ++ vars.target]'/>
		<salesforce:create doc:name="createAccount" doc:id="49b4d2af-76d3-4fcf-9edb-50457bec7ed6" config-ref="Salesforce_Config" type="${sales.object}"/>
		<choice doc:name="checkError" doc:id="2841b1ba-2ce9-4911-839d-37febacfc38c" >
			<when expression="#[%dw 2.0 &#10;output application/json &#10;---&#10;(payload.successful == false) or !isEmpty(payload.items.statusCode[0])]">
				<ee:transform doc:name="setErrorDescription" doc:id="345d71f9-7f8a-4c44-a246-e7adb3154e5e">
					<ee:message>
					</ee:message>
					<ee:variables >
						<ee:set-variable variableName="errorDescription" ><![CDATA[%dw 2.0
output application/java
---
if(payload.items.statusCode[0] contains("DUPLICATES")) "Account object already exists in " ++ Mule::p('application.name')
   else if (!isEmpty(payload.items.exception.localizedMessage[0])) payload.items.exception.localizedMessage[0] ++ Mule::p('application.name')
else payload.items.statusCode[0] ++ " error occurred in " ++ Mule::p('application.name') 
]]></ee:set-variable>
					</ee:variables>
				</ee:transform>
				<raise-error doc:name="ERROR:SALESFORCE" doc:id="36a87e73-e7a5-499e-a3bf-8a2e9a47550f" type="ERROR:SALESFORCE" description="#['$(vars.errorDescription)']"/>
			</when>
		</choice>
		<logger level="DEBUG" doc:name="log-DEBUG" doc:id="88eaefde-b28e-4ae1-a295-2f905d4e2838" message='After invoking #[vars.target] , payload:  #[payload]'/>
		<logger level="INFO" doc:name="log-INFO" doc:id="b2955bf1-7551-42b6-958f-00245a976344" message='#["Request processed succesfully by "++ vars.target ++ " for " ++ vars.processId]'/>
	
</sub-flow>
</mule>
